location,date,total_cases,new_cases,new_cases_smoothed,total_deaths,new_deaths,new_deaths_smoothed,total_cases_per_million,new_cases_per_million,new_cases_smoothed_per_million,total_deaths_per_million,new_deaths_per_million,new_deaths_smoothed_per_million,reproduction_rate,total_tests,new_tests,total_tests_per_thousand,new_tests_per_thousand,new_tests_smoothed,new_tests_smoothed_per_thousand,tests_per_case,recovered,stringency_index,population,population_density,median_age,aged_65_older,aged_70_older,gdp_per_capita,extreme_poverty,cardiovasc_death_rate,diabetes_prevalence,female_smokers,male_smokers,handwashing_facilities,hospital_beds_per_thousand,life_expectancy,human_development_index
Ukraine,3/10/2020,,,0.143,,,0,,,0.003,,,0,,,,,,,,,0,11.11,43733759,77.39,41.4,16.462,11.133,7894.393,0.1,539.849,7.11,13.5,47.4,,8.8,72.06,0.751
Ukraine,3/11/2020,,,0,,,0,,,0,,,0,,,,,,,,,0,11.11,43733759,77.39,41.4,16.462,11.133,7894.393,0.1,539.849,7.11,13.5,47.4,,8.8,72.06,0.751
Ukraine,3/12/2020,,,0,,,0,,,0,,,0,,,,,,,,,0,50,43733759,77.39,41.4,16.462,11.133,7894.393,0.1,539.849,7.11,13.5,47.4,,8.8,72.06,0.751
Ukraine,3/13/2020,3,2,0.286,,0,0,0.069,0.046,0.007,,0,0,,,,,,,,,0,50,43733759,77.39,41.4,16.462,11.133,7894.393,0.1,539.849,7.11,13.5,47.4,,8.8,72.06,0.751
Ukraine,3/14/2020,,,0.286,,,0,,,0.007,,,0,,,,,,,,,0,50,43733759,77.39,41.4,16.462,11.133,7894.393,0.1,539.849,7.11,13.5,47.4,,8.8,72.06,0.751
Ukraine,3/15/2020,,,0.286,,,0,,,0.007,,,0,,,,,,,,,0,50,43733759,77.39,41.4,16.462,11.133,7894.393,0.1,539.849,7.11,13.5,47.4,,8.8,72.06,0.751
Ukraine,3/16/2020,3,0,0.286,,0,0,0.069,0,0.007,,0,0,,,,,,,,,0,64.81,43733759,77.39,41.4,16.462,11.133,7894.393,0.1,539.849,7.11,13.5,47.4,,8.8,72.06,0.751
Ukraine,3/17/2020,5,2,0.571,,0,0,0.114,0.046,0.013,,0,0,,,,,,,,,0,77.78,43733759,77.39,41.4,16.462,11.133,7894.393,0.1,539.849,7.11,13.5,47.4,,8.8,72.06,0.751
Ukraine,3/18/2020,14,9,1.857,,0,0,0.32,0.206,0.042,,0,0,,,,,,,,,0,88.89,43733759,77.39,41.4,16.462,11.133,7894.393,0.1,539.849,7.11,13.5,47.4,,8.8,72.06,0.751
Ukraine,3/19/2020,19,5,2.571,2,2,0.286,0.434,0.114,0.059,0.046,0.046,0.007,,,,,,,,,0,88.89,43733759,77.39,41.4,16.462,11.133,7894.393,0.1,539.849,7.11,13.5,47.4,,8.8,72.06,0.751
Ukraine,3/20/2020,26,7,3.286,2,0,0.286,0.595,0.16,0.075,0.046,0,0.007,,,,,,,,,0,88.89,43733759,77.39,41.4,16.462,11.133,7894.393,0.1,539.849,7.11,13.5,47.4,,8.8,72.06,0.751
Ukraine,3/21/2020,26,0,3.286,3,1,0.429,0.595,0,0.075,0.069,0.023,0.01,,,,,,,,,1,88.89,43733759,77.39,41.4,16.462,11.133,7894.393,0.1,539.849,7.11,13.5,47.4,,8.8,72.06,0.751
Ukraine,3/22/2020,41,15,5.429,3,0,0.429,0.937,0.343,0.124,0.069,0,0.01,,,,,,,,,1,88.89,43733759,77.39,41.4,16.462,11.133,7894.393,0.1,539.849,7.11,13.5,47.4,,8.8,72.06,0.751
Ukraine,3/23/2020,47,6,6.286,3,0,0.429,1.075,0.137,0.144,0.069,0,0.01,,,,,,,,,1,88.89,43733759,77.39,41.4,16.462,11.133,7894.393,0.1,539.849,7.11,13.5,47.4,,8.8,72.06,0.751
Ukraine,3/24/2020,73,26,9.714,3,0,0.429,1.669,0.595,0.222,0.069,0,0.01,,,,,,,,,1,88.89,43733759,77.39,41.4,16.462,11.133,7894.393,0.1,539.849,7.11,13.5,47.4,,8.8,72.06,0.751
Ukraine,3/25/2020,84,11,10,3,0,0.429,1.921,0.252,0.229,0.069,0,0.01,,,,,,,,,1,88.89,43733759,77.39,41.4,16.462,11.133,7894.393,0.1,539.849,7.11,13.5,47.4,,8.8,72.06,0.751
Ukraine,3/26/2020,113,29,13.429,4,1,0.286,2.584,0.663,0.307,0.091,0.023,0.007,2.42,,,,,,,,1,88.89,43733759,77.39,41.4,16.462,11.133,7894.393,0.1,539.849,7.11,13.5,47.4,,8.8,72.06,0.751
Ukraine,3/27/2020,156,43,18.571,5,1,0.429,3.567,0.983,0.425,0.114,0.023,0.01,2.42,,,,,,,,5,88.89,43733759,77.39,41.4,16.462,11.133,7894.393,0.1,539.849,7.11,13.5,47.4,,8.8,72.06,0.751
Ukraine,3/28/2020,218,62,27.429,5,0,0.286,4.985,1.418,0.627,0.114,0,0.007,2.29,,,,,,,,5,88.89,43733759,77.39,41.4,16.462,11.133,7894.393,0.1,539.849,7.11,13.5,47.4,,8.8,72.06,0.751
Ukraine,3/29/2020,311,93,38.571,8,3,0.714,7.111,2.127,0.882,0.183,0.069,0.016,2.22,,,,,,,,6,88.89,43733759,77.39,41.4,16.462,11.133,7894.393,0.1,539.849,7.11,13.5,47.4,,8.8,72.06,0.751
Ukraine,3/30/2020,418,107,53,9,1,0.857,9.558,2.447,1.212,0.206,0.023,0.02,2.11,,,,,,,,8,88.89,43733759,77.39,41.4,16.462,11.133,7894.393,0.1,539.849,7.11,13.5,47.4,,8.8,72.06,0.751
Ukraine,3/31/2020,480,62,58.143,11,2,1.143,10.976,1.418,1.329,0.252,0.046,0.026,2.04,,,,,,,,10,88.89,43733759,77.39,41.4,16.462,11.133,7894.393,0.1,539.849,7.11,13.5,47.4,,8.8,72.06,0.751
Ukraine,4/1/2020,549,69,66.429,13,2,1.429,12.553,1.578,1.519,0.297,0.046,0.033,1.98,,,,,,,,13,88.89,43733759,77.39,41.4,16.462,11.133,7894.393,0.1,539.849,7.11,13.5,47.4,,8.8,72.06,0.751
Ukraine,4/2/2020,794,245,97.286,20,7,2.286,18.155,5.602,2.224,0.457,0.16,0.052,1.89,,,,,,,,19,88.89,43733759,77.39,41.4,16.462,11.133,7894.393,0.1,539.849,7.11,13.5,47.4,,8.8,72.06,0.751
Ukraine,4/3/2020,897,103,105.857,22,2,2.429,20.51,2.355,2.42,0.503,0.046,0.056,1.83,,,,,,,,22,88.89,43733759,77.39,41.4,16.462,11.133,7894.393,0.1,539.849,7.11,13.5,47.4,,8.8,72.06,0.751
Ukraine,4/4/2020,1072,175,122,27,5,3.143,24.512,4.001,2.79,0.617,0.114,0.072,1.74,,,,,,,,25,88.89,43733759,77.39,41.4,16.462,11.133,7894.393,0.1,539.849,7.11,13.5,47.4,,8.8,72.06,0.751
Ukraine,4/5/2020,1225,153,130.571,32,5,3.429,28.01,3.498,2.986,0.732,0.114,0.078,1.66,,,,,,,,28,88.89,43733759,77.39,41.4,16.462,11.133,7894.393,0.1,539.849,7.11,13.5,47.4,,8.8,72.06,0.751
Ukraine,4/6/2020,1308,83,127.143,37,5,4,29.908,1.898,2.907,0.846,0.114,0.091,1.62,,,,,,,,28,88.89,43733759,77.39,41.4,16.462,11.133,7894.393,0.1,539.849,7.11,13.5,47.4,,8.8,72.06,0.751
Ukraine,4/7/2020,1319,11,119.857,38,1,3.857,30.16,0.252,2.741,0.869,0.023,0.088,1.68,,,,,,,,28,88.89,43733759,77.39,41.4,16.462,11.133,7894.393,0.1,539.849,7.11,13.5,47.4,,8.8,72.06,0.751
Ukraine,4/8/2020,1462,143,130.429,45,7,4.571,33.43,3.27,2.982,1.029,0.16,0.105,1.74,,,,,,,,35,88.89,43733759,77.39,41.4,16.462,11.133,7894.393,0.1,539.849,7.11,13.5,47.4,,8.8,72.06,0.751
Ukraine,4/9/2020,1668,206,124.857,52,7,4.571,38.14,4.71,2.855,1.189,0.16,0.105,1.77,20608,,0.471,,,,,45,88.89,43733759,77.39,41.4,16.462,11.133,7894.393,0.1,539.849,7.11,13.5,47.4,,8.8,72.06,0.751
Ukraine,4/10/2020,1892,224,142.143,57,5,5,43.262,5.122,3.25,1.303,0.114,0.114,1.78,23522,2914,0.538,0.067,,,,61,88.89,43733759,77.39,41.4,16.462,11.133,7894.393,0.1,539.849,7.11,13.5,47.4,,8.8,72.06,0.751
Ukraine,4/11/2020,2203,311,161.571,69,12,6,50.373,7.111,3.694,1.578,0.274,0.137,1.75,,,,,,,,79,88.89,43733759,77.39,41.4,16.462,11.133,7894.393,0.1,539.849,7.11,13.5,47.4,,8.8,72.06,0.751
Ukraine,4/12/2020,2511,308,183.714,73,4,5.857,57.416,7.043,4.201,1.669,0.091,0.134,1.7,,,,,,,,89,88.89,43733759,77.39,41.4,16.462,11.133,7894.393,0.1,539.849,7.11,13.5,47.4,,8.8,72.06,0.751
Ukraine,4/13/2020,2777,266,209.857,83,10,6.571,63.498,6.082,4.799,1.898,0.229,0.15,1.66,35153,,0.804,,,,,97,88.89,43733759,77.39,41.4,16.462,11.133,7894.393,0.1,539.849,7.11,13.5,47.4,,8.8,72.06,0.751
Ukraine,4/14/2020,3102,325,254.714,93,10,7.857,70.929,7.431,5.824,2.127,0.229,0.18,1.62,,,,,,,,119,88.89,43733759,77.39,41.4,16.462,11.133,7894.393,0.1,539.849,7.11,13.5,47.4,,8.8,72.06,0.751
Ukraine,4/15/2020,3372,270,272.857,98,5,7.571,77.103,6.174,6.239,2.241,0.114,0.173,1.6,,,,,,,,143,88.89,43733759,77.39,41.4,16.462,11.133,7894.393,0.1,539.849,7.11,13.5,47.4,,8.8,72.06,0.751
Ukraine,4/16/2020,3764,392,299.429,108,10,8,86.066,8.963,6.847,2.469,0.229,0.183,1.57,42823,,0.979,,3174,0.073,10.6,186,88.89,43733759,77.39,41.4,16.462,11.133,7894.393,0.1,539.849,7.11,13.5,47.4,,8.8,72.06,0.751
Ukraine,4/17/2020,4161,397,324.143,116,8,8.429,95.144,9.078,7.412,2.652,0.183,0.193,1.53,47096,4273,1.077,0.098,3368,0.077,10.39,246,88.89,43733759,77.39,41.4,16.462,11.133,7894.393,0.1,539.849,7.11,13.5,47.4,,8.8,72.06,0.751
Ukraine,4/18/2020,4462,301,322.714,125,9,8,102.026,6.883,7.379,2.858,0.206,0.183,1.46,,,,,3529,0.081,10.935,275,88.89,43733759,77.39,41.4,16.462,11.133,7894.393,0.1,539.849,7.11,13.5,47.4,,8.8,72.06,0.751
Ukraine,4/19/2020,5106,644,370.714,133,8,8.571,116.752,14.725,8.477,3.041,0.183,0.196,1.4,57111,,1.306,,3691,0.084,9.956,347,88.89,43733759,77.39,41.4,16.462,11.133,7894.393,0.1,539.849,7.11,13.5,47.4,,8.8,72.06,0.751
Ukraine,4/20/2020,5449,343,381.714,141,8,8.286,124.595,7.843,8.728,3.224,0.183,0.189,1.36,,,,,3679,0.084,9.638,359,88.89,43733759,77.39,41.4,16.462,11.133,7894.393,0.1,539.849,7.11,13.5,47.4,,8.8,72.06,0.751
Ukraine,4/21/2020,5710,261,372.571,151,10,8.286,130.563,5.968,8.519,3.453,0.229,0.189,1.34,,,,,3856,0.088,10.35,367,88.89,43733759,77.39,41.4,16.462,11.133,7894.393,0.1,539.849,7.11,13.5,47.4,,8.8,72.06,0.751
Ukraine,4/22/2020,6125,415,393.286,161,10,9,140.052,9.489,8.993,3.681,0.229,0.206,1.33,,,,,4033,0.092,10.255,424,88.89,43733759,77.39,41.4,16.462,11.133,7894.393,0.1,539.849,7.11,13.5,47.4,,8.8,72.06,0.751
Ukraine,4/23/2020,6592,467,404,174,13,9.429,150.73,10.678,9.238,3.979,0.297,0.216,1.32,72296,,1.653,,4210,0.096,10.421,504,88.89,43733759,77.39,41.4,16.462,11.133,7894.393,0.1,539.849,7.11,13.5,47.4,,8.8,72.06,0.751
Ukraine,4/24/2020,7170,578,429.857,187,13,10.143,163.947,13.216,9.829,4.276,0.297,0.232,1.28,,,,,4413,0.101,10.266,782,88.89,43733759,77.39,41.4,16.462,11.133,7894.393,0.1,539.849,7.11,13.5,47.4,,8.8,72.06,0.751
Ukraine,4/25/2020,7647,477,455,193,6,9.714,174.853,10.907,10.404,4.413,0.137,0.222,1.24,,,,,4511,0.103,9.914,782,88.89,43733759,77.39,41.4,16.462,11.133,7894.393,0.1,539.849,7.11,13.5,47.4,,8.8,72.06,0.751
Ukraine,4/26/2020,8125,478,431.286,201,8,9.714,185.783,10.93,9.862,4.596,0.183,0.222,1.21,89373,,2.044,,4609,0.105,10.687,840,88.89,43733759,77.39,41.4,16.462,11.133,7894.393,0.1,539.849,7.11,13.5,47.4,,8.8,72.06,0.751
Ukraine,4/27/2020,8617,492,452.571,209,8,9.714,197.033,11.25,10.348,4.779,0.183,0.222,1.17,93519,4146,2.138,0.095,4659,0.107,10.295,864,88.89,43733759,77.39,41.4,16.462,11.133,7894.393,0.1,539.849,7.11,13.5,47.4,,8.8,72.06,0.751
Ukraine,4/28/2020,9009,392,471.286,220,11,9.857,205.996,8.963,10.776,5.03,0.252,0.225,1.15,98719,5200,2.257,0.119,4859,0.111,10.31,992,88.89,43733759,77.39,41.4,16.462,11.133,7894.393,0.1,539.849,7.11,13.5,47.4,,8.8,72.06,0.751
Ukraine,4/29/2020,9410,401,469.286,239,19,11.143,215.166,9.169,10.731,5.465,0.434,0.255,1.15,104544,5825,2.39,0.133,5149,0.118,10.972,1103,88.89,43733759,77.39,41.4,16.462,11.133,7894.393,0.1,539.849,7.11,13.5,47.4,,8.8,72.06,0.751
Ukraine,4/30/2020,9866,456,467.714,250,11,10.857,225.592,10.427,10.695,5.716,0.252,0.248,1.14,111859,7315,2.558,0.167,5652,0.129,12.084,1238,88.89,43733759,77.39,41.4,16.462,11.133,7894.393,0.1,539.849,7.11,13.5,47.4,,8.8,72.06,0.751
Ukraine,5/1/2020,10406,540,462.286,261,11,10.571,237.94,12.347,10.57,5.968,0.252,0.242,1.12,118545,6686,2.711,0.153,5794,0.132,12.533,1413,88.89,43733759,77.39,41.4,16.462,11.133,7894.393,0.1,539.849,7.11,13.5,47.4,,8.8,72.06,0.751
Ukraine,5/2/2020,10861,455,459.143,272,11,11.286,248.344,10.404,10.499,6.219,0.252,0.258,1.11,122752,4207,2.807,0.096,5582,0.128,12.157,1498,88.89,43733759,77.39,41.4,16.462,11.133,7894.393,0.1,539.849,7.11,13.5,47.4,,8.8,72.06,0.751
Ukraine,5/3/2020,11411,550,469.429,279,7,11.143,260.92,12.576,10.734,6.38,0.16,0.255,1.09,129723,6971,2.966,0.159,5764,0.132,12.279,1548,88.89,43733759,77.39,41.4,16.462,11.133,7894.393,0.1,539.849,7.11,13.5,47.4,,8.8,72.06,0.751
Ukraine,5/4/2020,11913,502,470.857,288,9,11.286,272.398,11.479,10.766,6.585,0.206,0.258,1.06,134592,4869,3.078,0.111,5868,0.134,12.462,1619,88.89,43733759,77.39,41.4,16.462,11.133,7894.393,0.1,539.849,7.11,13.5,47.4,,8.8,72.06,0.751
Ukraine,5/5/2020,12331,418,474.571,303,15,11.857,281.956,9.558,10.851,6.928,0.343,0.271,1.05,139759,5167,3.196,0.118,5863,0.134,12.354,1875,88.89,43733759,77.39,41.4,16.462,11.133,7894.393,0.1,539.849,7.11,13.5,47.4,,8.8,72.06,0.751
Ukraine,5/6/2020,12697,366,469.571,316,13,11,290.325,8.369,10.737,7.226,0.297,0.252,1.05,144283,4524,3.299,0.103,5677,0.13,12.09,2097,88.89,43733759,77.39,41.4,16.462,11.133,7894.393,0.1,539.849,7.11,13.5,47.4,,8.8,72.06,0.751
Ukraine,5/7/2020,13184,487,474,327,11,11,301.46,11.136,10.838,7.477,0.252,0.252,1.05,151569,7286,3.466,0.167,5673,0.13,11.968,2396,88.89,43733759,77.39,41.4,16.462,11.133,7894.393,0.1,539.849,7.11,13.5,47.4,,8.8,72.06,0.751
Ukraine,5/8/2020,13691,507,469.286,340,13,11.286,313.053,11.593,10.731,7.774,0.297,0.258,1.04,159155,7586,3.639,0.173,5801,0.133,12.361,2706,88.89,43733759,77.39,41.4,16.462,11.133,7894.393,0.1,539.849,7.11,13.5,47.4,,8.8,72.06,0.751
Ukraine,5/9/2020,14195,504,476.286,361,21,12.714,324.578,11.524,10.891,8.254,0.48,0.291,1.03,167107,7952,3.821,0.182,6336,0.145,13.303,2909,88.89,43733759,77.39,41.4,16.462,11.133,7894.393,0.1,539.849,7.11,13.5,47.4,,8.8,72.06,0.751
Ukraine,5/10/2020,14710,515,471.286,376,15,13.857,336.353,11.776,10.776,8.597,0.343,0.317,1.01,176403,9296,4.034,0.213,6669,0.152,14.151,3060,88.89,43733759,77.39,41.4,16.462,11.133,7894.393,0.1,539.849,7.11,13.5,47.4,,8.8,72.06,0.751
Ukraine,5/11/2020,15232,522,474.143,391,15,14.714,348.289,11.936,10.842,8.94,0.343,0.336,0.99,181552,5149,4.151,0.118,6709,0.153,14.15,3288,88.89,43733759,77.39,41.4,16.462,11.133,7894.393,0.1,539.849,7.11,13.5,47.4,,8.8,72.06,0.751
Ukraine,5/12/2020,15648,416,473.857,408,17,15,357.801,9.512,10.835,9.329,0.389,0.343,0.98,187307,5755,4.283,0.132,6793,0.155,14.336,3373,88.89,43733759,77.39,41.4,16.462,11.133,7894.393,0.1,539.849,7.11,13.5,47.4,,8.8,72.06,0.751
Ukraine,5/13/2020,16023,375,475.143,425,17,15.571,366.376,8.575,10.864,9.718,0.389,0.356,0.97,192247,4940,4.396,0.113,6852,0.157,14.421,3716,88.89,43733759,77.39,41.4,16.462,11.133,7894.393,0.1,539.849,7.11,13.5,47.4,,8.8,72.06,0.751
Ukraine,5/14/2020,16425,402,463,439,14,16,375.568,9.192,10.587,10.038,0.32,0.366,0.97,202495,10248,4.63,0.234,7275,0.166,15.713,4143,88.89,43733759,77.39,41.4,16.462,11.133,7894.393,0.1,539.849,7.11,13.5,47.4,,8.8,72.06,0.751
Ukraine,5/15/2020,16847,422,450.857,456,17,16.571,385.217,9.649,10.309,10.427,0.389,0.379,0.97,211614,9119,4.839,0.209,7494,0.171,16.622,4473,88.89,43733759,77.39,41.4,16.462,11.133,7894.393,0.1,539.849,7.11,13.5,47.4,,8.8,72.06,0.751
Ukraine,5/16/2020,17330,483,447.857,476,20,16.429,396.261,11.044,10.241,10.884,0.457,0.376,0.97,220638,9024,5.045,0.206,7647,0.175,17.075,4906,88.89,43733759,77.39,41.4,16.462,11.133,7894.393,0.1,539.849,7.11,13.5,47.4,,8.8,72.06,0.751
Ukraine,5/17/2020,17858,528,449.714,497,21,17.286,408.334,12.073,10.283,11.364,0.48,0.395,0.95,227801,7163,5.209,0.164,7343,0.168,16.328,5116,88.89,43733759,77.39,41.4,16.462,11.133,7894.393,0.1,539.849,7.11,13.5,47.4,,8.8,72.06,0.751
Ukraine,5/18/2020,18291,433,437,514,17,17.571,418.235,9.901,9.992,11.753,0.389,0.402,0.93,232899,5098,5.325,0.117,7335,0.168,16.785,5276,88.89,43733759,77.39,41.4,16.462,11.133,7894.393,0.1,539.849,7.11,13.5,47.4,,8.8,72.06,0.751
Ukraine,5/19/2020,18616,325,424,535,21,18.143,425.667,7.431,9.695,12.233,0.48,0.415,0.93,239961,7062,5.487,0.161,7522,0.172,17.741,5632,88.89,43733759,77.39,41.4,16.462,11.133,7894.393,0.1,539.849,7.11,13.5,47.4,,8.8,72.06,0.751
Ukraine,5/20/2020,18876,260,407.571,548,13,17.571,431.612,5.945,9.319,12.53,0.297,0.402,0.94,248529,8568,5.683,0.196,8040,0.184,19.727,5955,88.89,43733759,77.39,41.4,16.462,11.133,7894.393,0.1,539.849,7.11,13.5,47.4,,8.8,72.06,0.751
Ukraine,5/21/2020,19230,354,400.714,564,16,17.857,439.706,8.094,9.163,12.896,0.366,0.408,0.97,,,,,7909,0.181,19.737,6227,88.89,43733759,77.39,41.4,16.462,11.133,7894.393,0.1,539.849,7.11,13.5,47.4,,8.8,72.06,0.751
Ukraine,5/22/2020,19706,476,408.429,579,15,17.571,450.59,10.884,9.339,13.239,0.343,0.402,0.97,267185,,6.109,,7939,0.182,19.438,6585,83.33,43733759,77.39,41.4,16.462,11.133,7894.393,0.1,539.849,7.11,13.5,47.4,,8.8,72.06,0.751
Ukraine,5/23/2020,20148,442,402.571,588,9,16,460.697,10.107,9.205,13.445,0.206,0.366,0.97,277712,10527,6.35,0.241,8153,0.186,20.252,6929,83.33,43733759,77.39,41.4,16.462,11.133,7894.393,0.1,539.849,7.11,13.5,47.4,,8.8,72.06,0.751
Ukraine,5/24/2020,20580,432,388.857,605,17,15.429,470.575,9.878,8.891,13.834,0.389,0.353,0.97,285626,7914,6.531,0.181,8261,0.189,21.244,7108,83.33,43733759,77.39,41.4,16.462,11.133,7894.393,0.1,539.849,7.11,13.5,47.4,,8.8,72.06,0.751
Ukraine,5/25/2020,20986,406,385,617,12,14.714,479.858,9.283,8.803,14.108,0.274,0.336,0.97,291868,6242,6.674,0.143,8424,0.193,21.881,7234,79.63,43733759,77.39,41.4,16.462,11.133,7894.393,0.1,539.849,7.11,13.5,47.4,,8.8,72.06,0.751
Ukraine,5/26/2020,21245,259,375.571,623,6,12.571,485.78,5.922,8.588,14.245,0.137,0.287,0.99,301736,9868,6.899,0.226,8825,0.202,23.498,7575,79.63,43733759,77.39,41.4,16.462,11.133,7894.393,0.1,539.849,7.11,13.5,47.4,,8.8,72.06,0.751
Ukraine,5/27/2020,21584,339,386.857,644,21,13.714,493.532,7.751,8.846,14.725,0.48,0.314,1.02,312532,10796,7.146,0.247,9143,0.209,23.634,7995,79.63,43733759,77.39,41.4,16.462,11.133,7894.393,0.1,539.849,7.11,13.5,47.4,,8.8,72.06,0.751
Ukraine,5/28/2020,21905,321,382.143,658,14,13.429,500.872,7.34,8.738,15.046,0.32,0.307,1.06,322746,10214,7.38,0.234,9270,0.212,24.258,8439,79.63,43733759,77.39,41.4,16.462,11.133,7894.393,0.1,539.849,7.11,13.5,47.4,,8.8,72.06,0.751
Ukraine,5/29/2020,22382,477,382.286,669,11,12.857,511.779,10.907,8.741,15.297,0.252,0.294,1.08,337318,14572,7.713,0.333,10019,0.229,26.208,8934,79.63,43733759,77.39,41.4,16.462,11.133,7894.393,0.1,539.849,7.11,13.5,47.4,,8.8,72.06,0.751
Ukraine,5/30/2020,22811,429,380.429,679,10,13,521.588,9.809,8.699,15.526,0.229,0.297,1.11,348279,10961,7.964,0.251,10081,0.231,26.499,9311,79.63,43733759,77.39,41.4,16.462,11.133,7894.393,0.1,539.849,7.11,13.5,47.4,,8.8,72.06,0.751
Ukraine,5/31/2020,23204,393,374.857,696,17,13,530.574,8.986,8.571,15.914,0.389,0.297,1.14,,,,,9515,0.218,25.383,9538,79.63,43733759,77.39,41.4,16.462,11.133,7894.393,0.1,539.849,7.11,13.5,47.4,,8.8,72.06,0.751
Ukraine,6/1/2020,23672,468,383.714,708,12,13,541.275,10.701,8.774,16.189,0.274,0.297,1.18,356187,,8.144,,9188,0.21,23.945,10053,72.69,43733759,77.39,41.4,16.462,11.133,7894.393,0.1,539.849,7.11,13.5,47.4,,8.8,72.06,0.751
Ukraine,6/2/2020,24012,340,395.286,718,10,13.571,549.05,7.774,9.038,16.418,0.229,0.31,1.14,371668,15481,8.498,0.354,9990,0.228,25.273,10461,72.69,43733759,77.39,41.4,16.462,11.133,7894.393,0.1,539.849,7.11,13.5,47.4,,8.8,72.06,0.751
Ukraine,6/3/2020,24340,328,393.714,727,9,11.857,556.549,7.5,9.003,16.623,0.206,0.271,1.14,381552,9884,8.724,0.226,9860,0.225,25.044,10838,72.69,43733759,77.39,41.4,16.462,11.133,7894.393,0.1,539.849,7.11,13.5,47.4,,8.8,72.06,0.751
Ukraine,6/4/2020,24823,483,416.857,735,8,11,567.594,11.044,9.532,16.806,0.183,0.252,1.14,392316,10764,8.971,0.246,9939,0.227,23.843,11468,72.69,43733759,77.39,41.4,16.462,11.133,7894.393,0.1,539.849,7.11,13.5,47.4,,8.8,72.06,0.751
Ukraine,6/5/2020,25411,588,432.714,747,12,11.143,581.039,13.445,9.894,17.081,0.274,0.255,1.14,403551,11235,9.227,0.257,9462,0.216,21.867,11815,72.69,43733759,77.39,41.4,16.462,11.133,7894.393,0.1,539.849,7.11,13.5,47.4,,8.8,72.06,0.751
Ukraine,6/6/2020,25964,553,450.429,762,15,11.857,593.683,12.645,10.299,17.424,0.343,0.271,1.13,414542,10991,9.479,0.251,9466,0.216,21.016,12265,72.69,43733759,77.39,41.4,16.462,11.133,7894.393,0.1,539.849,7.11,13.5,47.4,,8.8,72.06,0.751
Ukraine,6/7/2020,26514,550,472.857,777,15,11.571,606.259,12.576,10.812,17.767,0.343,0.265,1.12,424046,9504,9.696,0.217,10259,0.235,21.696,12513,72.69,43733759,77.39,41.4,16.462,11.133,7894.393,0.1,539.849,7.11,13.5,47.4,,8.8,72.06,0.751
Ukraine,6/8/2020,26999,485,475.286,788,11,11.429,617.349,11.09,10.868,18.018,0.252,0.261,1.12,431085,7039,9.857,0.161,10700,0.245,22.513,12657,72.69,43733759,77.39,41.4,16.462,11.133,7894.393,0.1,539.849,7.11,13.5,47.4,,8.8,72.06,0.751
Ukraine,6/9/2020,27462,463,492.857,797,9,11.286,627.936,10.587,11.269,18.224,0.206,0.258,1.12,437444,6359,10.002,0.145,9397,0.215,19.066,12892,72.69,43733759,77.39,41.4,16.462,11.133,7894.393,0.1,539.849,7.11,13.5,47.4,,8.8,72.06,0.751
Ukraine,6/10/2020,27856,394,502.286,810,13,11.857,636.945,9.009,11.485,18.521,0.297,0.271,1.15,445940,8496,10.197,0.194,9198,0.21,18.312,13257,72.69,43733759,77.39,41.4,16.462,11.133,7894.393,0.1,539.849,7.11,13.5,47.4,,8.8,72.06,0.751
Ukraine,6/11/2020,28381,525,508.286,833,23,14,648.949,12.004,11.622,19.047,0.526,0.32,1.18,456509,10569,10.438,0.242,9170,0.21,18.041,13642,72.69,43733759,77.39,41.4,16.462,11.133,7894.393,0.1,539.849,7.11,13.5,47.4,,8.8,72.06,0.751
Ukraine,6/12/2020,29070,689,522.714,854,21,15.286,664.704,15.754,11.952,19.527,0.48,0.35,1.2,468172,11663,10.705,0.267,9232,0.211,17.662,14075,72.69,43733759,77.39,41.4,16.462,11.133,7894.393,0.1,539.849,7.11,13.5,47.4,,8.8,72.06,0.751
Ukraine,6/13/2020,29753,683,541.286,870,16,15.429,680.321,15.617,12.377,19.893,0.366,0.353,1.21,479111,10939,10.955,0.25,9224,0.211,17.041,14489,72.69,43733759,77.39,41.4,16.462,11.133,7894.393,0.1,539.849,7.11,13.5,47.4,,8.8,72.06,0.751
Ukraine,6/14/2020,30506,753,570.286,880,10,14.714,697.539,17.218,13.04,20.122,0.229,0.336,1.2,489334,10223,11.189,0.234,9327,0.213,16.355,14596,72.69,43733759,77.39,41.4,16.462,11.133,7894.393,0.1,539.849,7.11,13.5,47.4,,8.8,72.06,0.751
Ukraine,6/15/2020,31154,648,593.571,889,9,14.429,712.356,14.817,13.572,20.328,0.206,0.33,1.2,497284,7950,11.371,0.182,9457,0.216,15.932,14771,64.35,43733759,77.39,41.4,16.462,11.133,7894.393,0.1,539.849,7.11,13.5,47.4,,8.8,72.06,0.751
Ukraine,6/16/2020,31810,656,621.143,901,12,14.857,727.356,15,14.203,20.602,0.274,0.34,1.2,507251,9967,11.599,0.228,9972,0.228,16.054,15054,64.35,43733759,77.39,41.4,16.462,11.133,7894.393,0.1,539.849,7.11,13.5,47.4,,8.8,72.06,0.751
Ukraine,6/17/2020,32476,666,660,912,11,14.571,742.584,15.229,15.091,20.853,0.252,0.333,1.2,,,,,10415,0.238,15.78,15485,64.35,43733759,77.39,41.4,16.462,11.133,7894.393,0.1,539.849,7.11,13.5,47.4,,8.8,72.06,0.751
Ukraine,6/18/2020,33234,758,693.286,943,31,15.714,759.916,17.332,15.852,21.562,0.709,0.359,1.2,530442,,12.129,,10562,0.242,15.235,16001,64.35,43733759,77.39,41.4,16.462,11.133,7894.393,0.1,539.849,7.11,13.5,47.4,,8.8,72.06,0.751
Ukraine,6/19/2020,34063,829,713.286,966,23,16,778.872,18.956,16.31,22.088,0.526,0.366,1.2,542247,11805,12.399,0.27,10582,0.242,14.836,16588,64.35,43733759,77.39,41.4,16.462,11.133,7894.393,0.1,539.849,7.11,13.5,47.4,,8.8,72.06,0.751
Ukraine,6/20/2020,34984,921,747.286,985,19,16.429,799.931,21.059,17.087,22.523,0.434,0.376,1.18,553737,11490,12.662,0.263,10661,0.244,14.266,16974,64.35,43733759,77.39,41.4,16.462,11.133,7894.393,0.1,539.849,7.11,13.5,47.4,,8.8,72.06,0.751
Ukraine,6/21/2020,35825,841,759.857,994,9,16.286,819.161,19.23,17.375,22.728,0.206,0.372,1.16,563194,9457,12.878,0.216,10551,0.241,13.886,17078,64.35,43733759,77.39,41.4,16.462,11.133,7894.393,0.1,539.849,7.11,13.5,47.4,,8.8,72.06,0.751
Ukraine,6/22/2020,36560,735,772.286,1002,8,16.143,835.967,16.806,17.659,22.911,0.183,0.369,1.15,569589,6395,13.024,0.146,10329,0.236,13.375,17211,37.96,43733759,77.39,41.4,16.462,11.133,7894.393,0.1,539.849,7.11,13.5,47.4,,8.8,72.06,0.751
Ukraine,6/23/2020,37241,681,775.857,1012,10,15.857,851.539,15.571,17.74,23.14,0.229,0.363,1.15,580814,11225,13.281,0.257,10509,0.24,13.545,17538,37.96,43733759,77.39,41.4,16.462,11.133,7894.393,0.1,539.849,7.11,13.5,47.4,,8.8,72.06,0.751
Ukraine,6/24/2020,38074,833,799.714,1035,23,17.571,870.586,19.047,18.286,23.666,0.526,0.402,1.15,594002,13188,13.582,0.302,10736,0.245,13.425,18009,37.96,43733759,77.39,41.4,16.462,11.133,7894.393,0.1,539.849,7.11,13.5,47.4,,8.8,72.06,0.751
Ukraine,6/25/2020,39014,940,825.714,1051,16,15.429,892.08,21.494,18.88,24.032,0.366,0.353,1.15,606766,12764,13.874,0.292,10903,0.249,13.204,18365,37.96,43733759,77.39,41.4,16.462,11.133,7894.393,0.1,539.849,7.11,13.5,47.4,,8.8,72.06,0.751
Ukraine,6/26/2020,40008,994,849.286,1067,16,14.429,914.808,22.728,19.419,24.398,0.366,0.33,1.13,,,,,11017,0.252,12.972,18927,37.96,43733759,77.39,41.4,16.462,11.133,7894.393,0.1,539.849,7.11,13.5,47.4,,8.8,72.06,0.751
Ukraine,6/27/2020,41117,1109,876.143,1086,19,14.429,940.166,25.358,20.034,24.832,0.434,0.33,1.1,631966,,14.45,,11176,0.256,12.756,19350,37.96,43733759,77.39,41.4,16.462,11.133,7894.393,0.1,539.849,7.11,13.5,47.4,,8.8,72.06,0.751
Ukraine,6/28/2020,42065,948,891.429,1110,24,16.571,961.843,21.677,20.383,25.381,0.549,0.379,1.06,641911,9945,14.678,0.227,11245,0.257,12.615,19585,37.96,43733759,77.39,41.4,16.462,11.133,7894.393,0.1,539.849,7.11,13.5,47.4,,8.8,72.06,0.751
Ukraine,6/29/2020,42982,917,917.429,1129,19,18.143,982.811,20.968,20.978,25.815,0.434,0.415,1.03,649150,7239,14.843,0.166,11366,0.26,12.389,19679,37.96,43733759,77.39,41.4,16.462,11.133,7894.393,0.1,539.849,7.11,13.5,47.4,,8.8,72.06,0.751
Ukraine,6/30/2020,43628,646,912.429,1147,18,19.286,997.582,14.771,20.863,26.227,0.412,0.441,1.01,656122,6972,15.003,0.159,10758,0.246,11.791,19792,37.96,43733759,77.39,41.4,16.462,11.133,7894.393,0.1,539.849,7.11,13.5,47.4,,8.8,72.06,0.751
Ukraine,7/1/2020,44334,706,894.286,1159,12,17.714,1013.725,16.143,20.448,26.501,0.274,0.405,1,666147,10025,15.232,0.229,10306,0.236,11.524,20244,37.96,43733759,77.39,41.4,16.462,11.133,7894.393,0.1,539.849,7.11,13.5,47.4,,8.8,72.06,0.751
Ukraine,7/2/2020,44998,664,854.857,1173,14,17.429,1028.908,15.183,19.547,26.821,0.32,0.399,1.01,677257,11110,15.486,0.254,10070,0.23,11.78,20755,37.96,43733759,77.39,41.4,16.462,11.133,7894.393,0.1,539.849,7.11,13.5,47.4,,8.8,72.06,0.751
Ukraine,7/3/2020,45887,889,839.857,1185,12,16.857,1049.235,20.328,19.204,27.096,0.274,0.385,1.01,690953,13696,15.799,0.313,10227,0.234,12.177,21296,37.96,43733759,77.39,41.4,16.462,11.133,7894.393,0.1,539.849,7.11,13.5,47.4,,8.8,72.06,0.751
Ukraine,7/4/2020,46763,876,806.571,1212,27,18,1069.266,20.03,18.443,27.713,0.617,0.412,1,,,,,10199,0.233,12.645,21907,37.96,43733759,77.39,41.4,16.462,11.133,7894.393,0.1,539.849,7.11,13.5,47.4,,8.8,72.06,0.751
Ukraine,7/5/2020,47677,914,801.714,1227,15,16.714,1090.165,20.899,18.332,28.056,0.343,0.382,0.98,715770,,16.367,,10551,0.241,13.161,22131,37.96,43733759,77.39,41.4,16.462,11.133,7894.393,0.1,539.849,7.11,13.5,47.4,,8.8,72.06,0.751
Ukraine,7/6/2020,48500,823,788.286,1249,22,17.143,1108.983,18.818,18.025,28.559,0.503,0.392,0.96,722513,6743,16.521,0.154,10480,0.24,13.295,22462,37.96,43733759,77.39,41.4,16.462,11.133,7894.393,0.1,539.849,7.11,13.5,47.4,,8.8,72.06,0.751
Ukraine,7/7/2020,49043,543,773.571,1262,13,16.429,1121.399,12.416,17.688,28.856,0.297,0.376,0.96,731858,9345,16.734,0.214,10819,0.247,13.986,22970,37.96,43733759,77.39,41.4,16.462,11.133,7894.393,0.1,539.849,7.11,13.5,47.4,,8.8,72.06,0.751
Ukraine,7/8/2020,49607,564,753.286,1283,21,17.714,1134.295,12.896,17.224,29.337,0.48,0.405,0.98,745313,13455,17.042,0.308,11309,0.259,15.013,23912,37.96,43733759,77.39,41.4,16.462,11.133,7894.393,0.1,539.849,7.11,13.5,47.4,,8.8,72.06,0.751
Ukraine,7/9/2020,50414,807,773.714,1306,23,19,1152.748,18.453,17.691,29.863,0.526,0.434,0.99,760247,14934,17.384,0.341,11856,0.271,15.323,24606,37.96,43733759,77.39,41.4,16.462,11.133,7894.393,0.1,539.849,7.11,13.5,47.4,,8.8,72.06,0.751
Ukraine,7/10/2020,51224,810,762.429,1327,21,20.286,1171.269,18.521,17.433,30.343,0.48,0.464,0.99,773831,13584,17.694,0.311,11840,0.271,15.529,25634,37.96,43733759,77.39,41.4,16.462,11.133,7894.393,0.1,539.849,7.11,13.5,47.4,,8.8,72.06,0.751
Ukraine,7/11/2020,52043,819,754.286,1345,18,19,1189.996,18.727,17.247,30.754,0.412,0.434,0.99,786843,13012,17.992,0.298,11926,0.273,15.811,26513,37.96,43733759,77.39,41.4,16.462,11.133,7894.393,0.1,539.849,7.11,13.5,47.4,,8.8,72.06,0.751
Ukraine,7/12/2020,52843,800,738,1372,27,20.714,1208.289,18.293,16.875,31.372,0.617,0.474,0.98,796680,9837,18.217,0.225,11559,0.264,15.663,26971,37.96,43733759,77.39,41.4,16.462,11.133,7894.393,0.1,539.849,7.11,13.5,47.4,,8.8,72.06,0.751
Ukraine,7/13/2020,53521,678,717.286,1383,11,19.143,1223.791,15.503,16.401,31.623,0.252,0.438,0.98,803657,6977,18.376,0.16,11592,0.265,16.161,27356,37.96,43733759,77.39,41.4,16.462,11.133,7894.393,0.1,539.849,7.11,13.5,47.4,,8.8,72.06,0.751
Ukraine,7/14/2020,54133,612,727.143,1398,15,19.429,1237.785,13.994,16.627,31.966,0.343,0.444,0.99,813396,9739,18.599,0.223,11648,0.266,16.019,28021,37.96,43733759,77.39,41.4,16.462,11.133,7894.393,0.1,539.849,7.11,13.5,47.4,,8.8,72.06,0.751
Ukraine,7/15/2020,54771,638,737.714,1412,14,18.429,1252.373,14.588,16.868,32.286,0.32,0.421,1.01,827157,13761,18.913,0.315,11692,0.267,15.849,29005,37.96,43733759,77.39,41.4,16.462,11.133,7894.393,0.1,539.849,7.11,13.5,47.4,,8.8,72.06,0.751
Ukraine,7/16/2020,55607,836,741.857,1427,15,17.286,1271.489,19.116,16.963,32.629,0.343,0.395,1.03,840332,13175,19.215,0.301,11441,0.262,15.422,29822,37.96,43733759,77.39,41.4,16.462,11.133,7894.393,0.1,539.849,7.11,13.5,47.4,,8.8,72.06,0.751
Ukraine,7/17/2020,56455,848,747.286,1445,18,16.857,1290.879,19.39,17.087,33.041,0.412,0.385,1.03,854064,13732,19.529,0.314,11462,0.262,15.338,30675,37.96,43733759,77.39,41.4,16.462,11.133,7894.393,0.1,539.849,7.11,13.5,47.4,,8.8,72.06,0.751
Ukraine,7/18/2020,57264,809,745.857,1456,11,15.857,1309.377,18.498,17.054,33.292,0.252,0.363,1.04,864596,10532,19.77,0.241,11108,0.254,14.893,31479,37.96,43733759,77.39,41.4,16.462,11.133,7894.393,0.1,539.849,7.11,13.5,47.4,,8.8,72.06,0.751
Ukraine,7/19/2020,58111,847,752.571,1477,21,15,1328.745,19.367,17.208,33.773,0.48,0.343,1.03,877262,12666,20.059,0.29,11512,0.263,15.297,31836,37.96,43733759,77.39,41.4,16.462,11.133,7894.393,0.1,539.849,7.11,13.5,47.4,,8.8,72.06,0.751
Ukraine,7/20/2020,58842,731,760.143,1485,8,14.571,1345.459,16.715,17.381,33.955,0.183,0.333,1.04,881997,4735,20.167,0.108,11191,0.256,14.722,32397,37.96,43733759,77.39,41.4,16.462,11.133,7894.393,0.1,539.849,7.11,13.5,47.4,,8.8,72.06,0.751
Ukraine,7/21/2020,59493,651,765.714,1498,13,14.286,1360.345,14.886,17.509,34.253,0.297,0.327,1.05,894393,12396,20.451,0.283,11571,0.265,15.111,33186,37.96,43733759,77.39,41.4,16.462,11.133,7894.393,0.1,539.849,7.11,13.5,47.4,,8.8,72.06,0.751
Ukraine,7/22/2020,60166,673,770.714,1518,20,15.143,1375.734,15.389,17.623,34.71,0.457,0.346,1.08,907360,12967,20.747,0.296,11458,0.262,14.867,34176,37.96,43733759,77.39,41.4,16.462,11.133,7894.393,0.1,539.849,7.11,13.5,47.4,,8.8,72.06,0.751
Ukraine,7/23/2020,60995,829,769.714,1534,16,15.286,1394.689,18.956,17.6,35.076,0.366,0.35,1.1,921858,14498,21.079,0.332,11647,0.266,15.132,35035,37.96,43733759,77.39,41.4,16.462,11.133,7894.393,0.1,539.849,7.11,13.5,47.4,,8.8,72.06,0.751
Ukraine,7/24/2020,61851,856,770.857,1551,17,15.143,1414.262,19.573,17.626,35.465,0.389,0.346,1.12,937006,15148,21.425,0.346,11849,0.271,15.371,35932,37.96,43733759,77.39,41.4,16.462,11.133,7894.393,0.1,539.849,7.11,13.5,47.4,,8.8,72.06,0.751
Ukraine,7/25/2020,62823,972,794.143,1571,20,16.429,1436.488,22.225,18.159,35.922,0.457,0.376,1.14,951082,14076,21.747,0.322,12355,0.283,15.558,36573,37.96,43733759,77.39,41.4,16.462,11.133,7894.393,0.1,539.849,7.11,13.5,47.4,,8.8,72.06,0.751
Ukraine,7/26/2020,63929,1106,831.143,1590,19,16.143,1461.777,25.289,19.005,36.356,0.434,0.369,1.13,963641,12559,22.034,0.287,12340,0.282,14.847,36885,37.96,43733759,77.39,41.4,16.462,11.133,7894.393,0.1,539.849,7.11,13.5,47.4,,8.8,72.06,0.751
Ukraine,7/27/2020,64849,920,858.143,1605,15,17.143,1482.813,21.036,19.622,36.699,0.343,0.392,1.13,970705,7064,22.196,0.162,12673,0.29,14.768,37202,37.96,43733759,77.39,41.4,16.462,11.133,7894.393,0.1,539.849,7.11,13.5,47.4,,8.8,72.06,0.751
Ukraine,7/28/2020,65656,807,880.429,1616,11,16.857,1501.266,18.453,20.132,36.951,0.252,0.385,1.14,983350,12645,22.485,0.289,12708,0.291,14.434,37852,37.96,43733759,77.39,41.4,16.462,11.133,7894.393,0.1,539.849,7.11,13.5,47.4,,8.8,72.06,0.751
Ukraine,7/29/2020,66575,919,915.571,1629,13,15.857,1522.279,21.014,20.935,37.248,0.297,0.363,1.15,998299,14949,22.827,0.342,12991,0.297,14.189,38523,37.96,43733759,77.39,41.4,16.462,11.133,7894.393,0.1,539.849,7.11,13.5,47.4,,8.8,72.06,0.751
Ukraine,7/30/2020,67597,1022,943.143,1650,21,16.571,1545.648,23.369,21.566,37.728,0.48,0.379,1.16,1013793,15494,23.181,0.354,13134,0.3,13.926,39327,37.96,43733759,77.39,41.4,16.462,11.133,7894.393,0.1,539.849,7.11,13.5,47.4,,8.8,72.06,0.751
Ukraine,7/31/2020,68794,1197,991.857,1673,23,17.429,1573.018,27.37,22.679,38.254,0.526,0.399,1.16,1029220,15427,23.534,0.353,13173,0.301,13.281,39945,37.96,43733759,77.39,41.4,16.462,11.133,7894.393,0.1,539.849,7.11,13.5,47.4,,8.8,72.06,0.751
Ukraine,8/1/2020,69884,1090,1008.714,1693,20,17.429,1597.942,24.924,23.065,38.712,0.457,0.399,1.16,1046080,16860,23.919,0.386,13571,0.31,13.454,40516,44.91,43733759,77.39,41.4,16.462,11.133,7894.393,0.1,539.849,7.11,13.5,47.4,,8.8,72.06,0.751
Ukraine,8/2/2020,71056,1172,1018.143,1709,16,17,1624.74,26.799,23.28,39.077,0.366,0.389,1.16,1058383,12303,24.201,0.281,13535,0.309,13.294,40755,44.91,43733759,77.39,41.4,16.462,11.133,7894.393,0.1,539.849,7.11,13.5,47.4,,8.8,72.06,0.751
Ukraine,8/3/2020,72168,1112,1045.571,1725,16,17.143,1650.167,25.427,23.908,39.443,0.366,0.392,1.16,1067006,8623,24.398,0.197,13757,0.315,13.157,41097,54.17,43733759,77.39,41.4,16.462,11.133,7894.393,0.1,539.849,7.11,13.5,47.4,,8.8,72.06,0.751
Ukraine,8/4/2020,73158,990,1071.714,1738,13,17.429,1672.804,22.637,24.505,39.74,0.297,0.399,1.16,,,,,14212,0.325,13.261,41849,54.17,43733759,77.39,41.4,16.462,11.133,7894.393,0.1,539.849,7.11,13.5,47.4,,8.8,72.06,0.751
Ukraine,8/5/2020,74219,1061,1092,1764,26,19.286,1697.064,24.26,24.969,40.335,0.595,0.441,1.17,1098665,,25.122,,14338,0.328,13.13,42784,54.17,43733759,77.39,41.4,16.462,11.133,7894.393,0.1,539.849,7.11,13.5,47.4,,8.8,72.06,0.751
Ukraine,8/6/2020,75490,1271,1127.571,1788,24,19.714,1726.126,29.062,25.783,40.884,0.549,0.451,1.18,1116641,17976,25.533,0.411,14693,0.336,13.031,43812,54.17,43733759,77.39,41.4,16.462,11.133,7894.393,0.1,539.849,7.11,13.5,47.4,,8.8,72.06,0.751
Ukraine,8/7/2020,76808,1318,1144.857,1819,31,20.857,1756.263,30.137,26.178,41.593,0.709,0.477,1.18,1135051,18410,25.954,0.421,15119,0.346,13.206,44369,54.17,43733759,77.39,41.4,16.462,11.133,7894.393,0.1,539.849,7.11,13.5,47.4,,8.8,72.06,0.751
Ukraine,8/8/2020,78261,1453,1196.714,1852,33,22.714,1789.487,33.224,27.364,42.347,0.755,0.519,1.18,1154378,19327,26.396,0.442,15471,0.354,12.928,45006,54.17,43733759,77.39,41.4,16.462,11.133,7894.393,0.1,539.849,7.11,13.5,47.4,,8.8,72.06,0.751
Ukraine,8/9/2020,79750,1489,1242,1879,27,24.286,1823.534,34.047,28.399,42.965,0.617,0.555,1.16,1169351,14973,26.738,0.342,15853,0.362,12.764,45335,54.17,43733759,77.39,41.4,16.462,11.133,7894.393,0.1,539.849,7.11,13.5,47.4,,8.8,72.06,0.751
Ukraine,8/10/2020,81957,2207,1398.429,1922,43,28.143,1873.999,50.464,31.976,43.948,0.983,0.644,1.15,1179434,10083,26.969,0.231,16061,0.367,11.485,45723,54.17,43733759,77.39,41.4,16.462,11.133,7894.393,0.1,539.849,7.11,13.5,47.4,,8.8,72.06,0.751
Ukraine,8/11/2020,83115,1158,1422.429,1951,29,30.429,1900.477,26.478,32.525,44.611,0.663,0.696,1.16,1195561,16127,27.337,0.369,16104,0.368,11.321,46313,54.17,43733759,77.39,41.4,16.462,11.133,7894.393,0.1,539.849,7.11,13.5,47.4,,8.8,72.06,0.751
Ukraine,8/12/2020,84548,1433,1475.571,1970,19,29.429,1933.243,32.766,33.74,45.045,0.434,0.673,1.19,1214941,19380,27.78,0.443,16611,0.38,11.257,47084,54.17,43733759,77.39,41.4,16.462,11.133,7894.393,0.1,539.849,7.11,13.5,47.4,,8.8,72.06,0.751
Ukraine,8/13/2020,86140,1592,1521.429,1992,22,29.143,1969.645,36.402,34.788,45.548,0.503,0.666,1.2,1233925,18984,28.214,0.434,16755,0.383,11.013,47678,54.17,43733759,77.39,41.4,16.462,11.133,7894.393,0.1,539.849,7.11,13.5,47.4,,8.8,72.06,0.751
Ukraine,8/14/2020,87872,1732,1580.571,2011,19,27.429,2009.249,39.603,36.141,45.983,0.434,0.627,1.21,1252842,18917,28.647,0.433,16827,0.385,10.646,48288,54.17,43733759,77.39,41.4,16.462,11.133,7894.393,0.1,539.849,7.11,13.5,47.4,,8.8,72.06,0.751
Ukraine,8/15/2020,87872,0,1373,2011,0,22.714,2009.249,0,31.395,45.983,0,0.519,1.22,1273821,20979,29.127,0.48,17063,0.39,12.428,48946,54.17,43733759,77.39,41.4,16.462,11.133,7894.393,0.1,539.849,7.11,13.5,47.4,,8.8,72.06,0.751
Ukraine,8/16/2020,89719,1847,1424.143,2044,33,23.571,2051.482,42.233,32.564,46.737,0.755,0.539,1.21,1289589,15768,29.487,0.361,17177,0.393,12.061,49346,54.17,43733759,77.39,41.4,16.462,11.133,7894.393,0.1,539.849,7.11,13.5,47.4,,8.8,72.06,0.751
Ukraine,8/17/2020,92820,3101,1551.857,2089,45,23.857,2122.388,70.906,35.484,47.766,1.029,0.546,1.2,1300289,10700,29.732,0.245,17265,0.395,11.125,49692,54.17,43733759,77.39,41.4,16.462,11.133,7894.393,0.1,539.849,7.11,13.5,47.4,,8.8,72.06,0.751
Ukraine,8/18/2020,94436,1616,1617.286,2116,27,23.571,2159.339,36.951,36.98,48.384,0.617,0.539,1.2,1315409,15120,30.078,0.346,17121,0.391,10.586,50508,54.17,43733759,77.39,41.4,16.462,11.133,7894.393,0.1,539.849,7.11,13.5,47.4,,8.8,72.06,0.751
Ukraine,8/19/2020,94436,0,1412.571,2116,0,20.857,2159.339,0,32.299,48.384,0,0.477,1.21,1335000,19591,30.526,0.448,17151,0.392,12.142,51358,54.17,43733759,77.39,41.4,16.462,11.133,7894.393,0.1,539.849,7.11,13.5,47.4,,8.8,72.06,0.751
Ukraine,8/20/2020,96403,1967,1466.143,2144,28,21.714,2204.315,44.977,33.524,49.024,0.64,0.497,1.21,1356698,21698,31.022,0.496,17539,0.401,11.963,52086,54.17,43733759,77.39,41.4,16.462,11.133,7894.393,0.1,539.849,7.11,13.5,47.4,,8.8,72.06,0.751
Ukraine,8/21/2020,98537,2134,1523.571,2184,40,24.714,2253.111,48.795,34.837,49.939,0.915,0.565,1.2,1378519,21821,31.521,0.499,17954,0.411,11.784,52769,54.17,43733759,77.39,41.4,16.462,11.133,7894.393,0.1,539.849,7.11,13.5,47.4,,8.8,72.06,0.751
Ukraine,8/22/2020,100643,2106,1824.429,2207,23,28,2301.266,48.155,41.717,50.464,0.526,0.64,1.19,1400726,22207,32.028,0.508,18129,0.415,9.937,53458,54.17,43733759,77.39,41.4,16.462,11.133,7894.393,0.1,539.849,7.11,13.5,47.4,,8.8,72.06,0.751
Ukraine,8/23/2020,102971,2328,1893.143,2244,37,28.571,2354.497,53.231,43.288,51.31,0.846,0.653,1.17,1416001,15275,32.378,0.349,18059,0.413,9.539,53968,54.17,43733759,77.39,41.4,16.462,11.133,7894.393,0.1,539.849,7.11,13.5,47.4,,8.8,72.06,0.751
Ukraine,8/24/2020,104958,1987,1734,2271,27,26,2399.931,45.434,39.649,51.928,0.617,0.595,1.14,1425351,9350,32.592,0.214,17866,0.409,10.303,54262,54.17,43733759,77.39,41.4,16.462,11.133,7894.393,0.1,539.849,7.11,13.5,47.4,,8.8,72.06,0.751
Ukraine,8/25/2020,106754,1796,1759.714,2293,22,25.286,2440.998,41.067,40.237,52.431,0.503,0.578,1.13,1436206,10855,32.84,0.248,17257,0.395,9.807,54657,54.17,43733759,77.39,41.4,16.462,11.133,7894.393,0.1,539.849,7.11,13.5,47.4,,8.8,72.06,0.751
Ukraine,8/26/2020,110085,3331,2235.571,2318,25,28.857,2517.163,76.165,51.118,53.003,0.572,0.66,1.13,1452006,15800,33.201,0.361,16715,0.382,7.477,55327,54.17,43733759,77.39,41.4,16.462,11.133,7894.393,0.1,539.849,7.11,13.5,47.4,,8.8,72.06,0.751
Ukraine,8/27/2020,112059,1974,2236.571,2403,85,37,2562.3,45.137,51.141,54.946,1.944,0.846,1.14,1472736,20730,33.675,0.474,16577,0.379,7.412,56149,54.17,43733759,77.39,41.4,16.462,11.133,7894.393,0.1,539.849,7.11,13.5,47.4,,8.8,72.06,0.751
Ukraine,8/28/2020,112059,0,1931.714,2403,0,31.286,2562.3,0,44.17,54.946,0,0.715,1.16,1494243,21507,34.167,0.492,16532,0.378,8.558,57051,62.5,43733759,77.39,41.4,16.462,11.133,7894.393,0.1,539.849,7.11,13.5,47.4,,8.8,72.06,0.751
Ukraine,8/29/2020,114497,2438,1979.143,2438,35,33,2618.046,55.746,45.254,55.746,0.8,0.755,1.16,1516712,22469,34.681,0.514,16569,0.379,8.372,58156,62.5,43733759,77.39,41.4,16.462,11.133,7894.393,0.1,539.849,7.11,13.5,47.4,,8.8,72.06,0.751
Ukraine,8/30/2020,116978,2481,2001,2492,54,35.429,2674.776,56.73,45.754,56.981,1.235,0.81,1.15,1536171,19459,35.126,0.445,17167,0.393,8.579,58775,62.5,43733759,77.39,41.4,16.462,11.133,7894.393,0.1,539.849,7.11,13.5,47.4,,8.8,72.06,0.751
Ukraine,8/31/2020,119074,2096,2016.571,2527,35,36.571,2722.702,47.926,46.11,57.781,0.8,0.836,1.14,1550280,14109,35.448,0.323,17847,0.408,8.85,59162,62.5,43733759,77.39,41.4,16.462,11.133,7894.393,0.1,539.849,7.11,13.5,47.4,,8.8,72.06,0.751
Ukraine,9/1/2020,121215,2141,2065.857,2557,30,37.714,2771.657,48.955,47.237,58.467,0.686,0.862,1.14,1556655,6375,35.594,0.146,17207,0.393,8.329,59904,62.5,43733759,77.39,41.4,16.462,11.133,7894.393,0.1,539.849,7.11,13.5,47.4,,8.8,72.06,0.751
Ukraine,9/2/2020,123303,2088,1888.286,2605,48,41,2819.401,47.743,43.177,59.565,1.098,0.937,1.14,1597707,41052,36.533,0.939,20814,0.476,11.023,60943,62.5,43733759,77.39,41.4,16.462,11.133,7894.393,0.1,539.849,7.11,13.5,47.4,,8.8,72.06,0.751
Ukraine,9/3/2020,125789,2486,1961.429,2656,51,36.143,2876.245,56.844,44.849,60.731,1.166,0.826,1.14,1621697,23990,37.081,0.549,21280,0.487,10.849,61828,62.5,43733759,77.39,41.4,16.462,11.133,7894.393,0.1,539.849,7.11,13.5,47.4,,8.8,72.06,0.751
Ukraine,9/4/2020,128228,2439,2309.857,2710,54,43.857,2932.014,55.769,52.816,61.966,1.235,1.003,1.14,,,,,21895,0.501,9.479,62828,62.5,43733759,77.39,41.4,16.462,11.133,7894.393,0.1,539.849,7.11,13.5,47.4,,8.8,72.06,0.751
Ukraine,9/5/2020,130951,2723,2350.571,2723,13,40.714,2994.277,62.263,53.747,62.263,0.297,0.931,1.13,1673316,,38.261,,22372,0.512,9.518,63891,62.5,43733759,77.39,41.4,16.462,11.133,7894.393,0.1,539.849,7.11,13.5,47.4,,8.8,72.06,0.751
Ukraine,9/6/2020,133787,2836,2401.286,2811,88,45.571,3059.124,64.847,54.907,64.275,2.012,1.042,1.12,1693793,20477,38.73,0.468,22517,0.515,9.377,64496,62.5,43733759,77.39,41.4,16.462,11.133,7894.393,0.1,539.849,7.11,13.5,47.4,,8.8,72.06,0.751
Ukraine,9/7/2020,135894,2107,2402.857,2811,0,40.571,3107.302,48.178,54.943,64.275,0,0.928,1.11,1709017,15224,39.078,0.348,22677,0.519,9.438,64886,51.39,43733759,77.39,41.4,16.462,11.133,7894.393,0.1,539.849,7.11,13.5,47.4,,8.8,72.06,0.751
Ukraine,9/8/2020,138068,2174,2407.571,2877,66,45.714,3157.012,49.71,55.051,65.784,1.509,1.045,1.11,1731877,22860,39.6,0.523,25032,0.572,10.397,65849,62.5,43733759,77.39,41.4,16.462,11.133,7894.393,0.1,539.849,7.11,13.5,47.4,,8.8,72.06,0.751
Ukraine,9/9/2020,143030,4962,2818.143,2979,102,53.429,3270.471,113.459,64.439,68.117,2.332,1.222,1.12,1751931,20054,40.059,0.459,22032,0.504,7.818,67092,62.5,43733759,77.39,41.4,16.462,11.133,7894.393,0.1,539.849,7.11,13.5,47.4,,8.8,72.06,0.751
Ukraine,9/10/2020,145612,2582,2831.857,2979,0,46.143,3329.51,59.039,64.752,68.117,0,1.055,1.13,1778483,26552,40.666,0.607,22398,0.512,7.909,68289,62.5,43733759,77.39,41.4,16.462,11.133,7894.393,0.1,539.849,7.11,13.5,47.4,,8.8,72.06,0.751
Ukraine,9/11/2020,148756,3144,2932.571,3076,97,52.286,3401.4,71.89,67.055,70.335,2.218,1.196,1.14,1806428,27945,41.305,0.639,22703,0.519,7.742,69466,62.5,43733759,77.39,41.4,16.462,11.133,7894.393,0.1,539.849,7.11,13.5,47.4,,8.8,72.06,0.751
Ukraine,9/12/2020,148756,0,2543.571,3076,0,50.429,3401.4,0,58.16,70.335,0,1.153,1.13,1834165,27737,41.939,0.634,22978,0.525,9.034,70881,62.5,43733759,77.39,41.4,16.462,11.133,7894.393,0.1,539.849,7.11,13.5,47.4,,8.8,72.06,0.751
Ukraine,9/13/2020,151859,3103,2581.714,3103,27,41.714,3472.352,70.952,59.033,70.952,0.617,0.954,1.12,1856467,22302,42.449,0.51,23239,0.531,9.001,71434,62.5,43733759,77.39,41.4,16.462,11.133,7894.393,0.1,539.849,7.11,13.5,47.4,,8.8,72.06,0.751
Ukraine,9/14/2020,154335,2476,2634.429,3178,75,52.429,3528.967,56.615,60.238,72.667,1.715,1.199,1.12,1870790,14323,42.777,0.328,23110,0.528,8.772,72091,64.35,43733759,77.39,41.4,16.462,11.133,7894.393,0.1,539.849,7.11,13.5,47.4,,8.8,72.06,0.751
Ukraine,9/15/2020,156797,2462,2675.571,3211,33,47.714,3585.262,56.295,61.179,73.422,0.755,1.091,1.13,1897688,26898,43.392,0.615,23687,0.542,8.853,73422,64.35,43733759,77.39,41.4,16.462,11.133,7894.393,0.1,539.849,7.11,13.5,47.4,,8.8,72.06,0.751
Ukraine,9/16/2020,162660,5863,2804.286,3340,129,51.571,3719.324,134.061,64.122,76.371,2.95,1.179,1.13,1925482,27794,44.027,0.636,24793,0.567,8.841,74981,64.35,43733759,77.39,41.4,16.462,11.133,7894.393,0.1,539.849,7.11,13.5,47.4,,8.8,72.06,0.751
Ukraine,9/17/2020,162660,0,2435.429,3340,0,51.571,3719.324,0,55.688,76.371,0,1.179,1.14,1955211,29729,44.707,0.68,25247,0.577,10.367,76636,64.35,43733759,77.39,41.4,16.462,11.133,7894.393,0.1,539.849,7.11,13.5,47.4,,8.8,72.06,0.751
Ukraine,9/18/2020,166244,3584,2498.286,3400,60,46.286,3801.274,81.95,57.125,77.743,1.372,1.058,1.13,1985802,30591,45.407,0.699,25625,0.586,10.257,78273,64.35,43733759,77.39,41.4,16.462,11.133,7894.393,0.1,539.849,7.11,13.5,47.4,,8.8,72.06,0.751
Ukraine,9/19/2020,169472,3228,2959.429,3468,68,56,3875.084,73.81,67.669,79.298,1.555,1.28,1.12,2014923,29121,46.072,0.666,25823,0.59,8.726,79671,64.35,43733759,77.39,41.4,16.462,11.133,7894.393,0.1,539.849,7.11,13.5,47.4,,8.8,72.06,0.751
Ukraine,9/20/2020,172712,3240,2979,3516,48,59,3949.169,74.085,68.117,80.396,1.098,1.349,1.11,2038850,23927,46.62,0.547,26055,0.596,8.746,80438,64.35,43733759,77.39,41.4,16.462,11.133,7894.393,0.1,539.849,7.11,13.5,47.4,,8.8,72.06,0.751
Ukraine,9/21/2020,175678,2966,3049,3557,41,54.143,4016.988,67.819,69.717,81.333,0.937,1.238,1.1,2058638,19788,47.072,0.452,26835,0.614,8.801,81131,64.35,43733759,77.39,41.4,16.462,11.133,7894.393,0.1,539.849,7.11,13.5,47.4,,8.8,72.06,0.751
Ukraine,9/22/2020,178353,2675,3079.429,3583,26,53.143,4078.154,61.166,70.413,81.928,0.595,1.215,1.11,2079482,20844,47.549,0.477,25971,0.594,8.434,82927,64.35,43733759,77.39,41.4,16.462,11.133,7894.393,0.1,539.849,7.11,13.5,47.4,,8.8,72.06,0.751
Ukraine,9/23/2020,181237,2884,2653.857,3642,59,43.143,4144.098,65.944,60.682,83.277,1.349,0.986,1.12,2102377,22895,48.072,0.524,25271,0.578,9.522,84767,64.35,43733759,77.39,41.4,16.462,11.133,7894.393,0.1,539.849,7.11,13.5,47.4,,8.8,72.06,0.751
Ukraine,9/24/2020,184734,3497,3153.429,3705,63,52.143,4224.059,79.961,72.105,84.717,1.441,1.192,1.12,2129156,26779,48.684,0.612,24849,0.568,7.88,86624,64.35,43733759,77.39,41.4,16.462,11.133,7894.393,0.1,539.849,7.11,13.5,47.4,,8.8,72.06,0.751
Ukraine,9/25/2020,188106,3372,3123.143,3757,52,51,4301.162,77.103,71.413,85.906,1.189,1.166,1.13,2156653,27497,49.313,0.629,24407,0.558,7.815,88324,64.35,43733759,77.39,41.4,16.462,11.133,7894.393,0.1,539.849,7.11,13.5,47.4,,8.8,72.06,0.751
Ukraine,9/26/2020,191671,3565,3171.286,3827,70,51.286,4382.678,81.516,72.513,87.507,1.601,1.173,1.13,2189926,33273,50.074,0.761,25000,0.572,7.883,90142,64.35,43733759,77.39,41.4,16.462,11.133,7894.393,0.1,539.849,7.11,13.5,47.4,,8.8,72.06,0.751
Ukraine,9/27/2020,195504,3833,3256,3903,76,55.286,4470.322,87.644,74.45,89.245,1.738,1.264,1.12,2209975,20049,50.532,0.458,24446,0.559,7.508,91179,64.35,43733759,77.39,41.4,16.462,11.133,7894.393,0.1,539.849,7.11,13.5,47.4,,8.8,72.06,0.751
Ukraine,9/28/2020,198634,3130,3279.429,3959,56,57.429,4541.892,71.569,74.986,90.525,1.28,1.313,1.12,2226508,16533,50.911,0.378,23981,0.548,7.313,91754,64.35,43733759,77.39,41.4,16.462,11.133,7894.393,0.1,539.849,7.11,13.5,47.4,,8.8,72.06,0.751
Ukraine,9/29/2020,201305,2671,3278.857,3996,37,59,4602.966,61.074,74.973,91.371,0.846,1.349,1.14,2250676,24168,51.463,0.553,24456,0.559,7.459,93664,58.8,43733759,77.39,41.4,16.462,11.133,7894.393,0.1,539.849,7.11,13.5,47.4,,8.8,72.06,0.751
Ukraine,9/30/2020,204932,3627,3385,4065,69,60.429,4685.9,82.934,77.4,92.949,1.578,1.382,1.16,2278248,27572,52.094,0.63,25124,0.574,7.422,95829,58.8,43733759,77.39,41.4,16.462,11.133,7894.393,0.1,539.849,7.11,13.5,47.4,,8.8,72.06,0.751
Ukraine,10/1/2020,208959,4027,3460.714,4129,64,60.571,4777.979,92.08,79.131,94.412,1.463,1.385,1.17,2308415,30167,52.783,0.69,25608,0.586,7.4,97956,58.8,43733759,77.39,41.4,16.462,11.133,7894.393,0.1,539.849,7.11,13.5,47.4,,8.8,72.06,0.751
Ukraine,10/2/2020,208959,0,2979,4193,64,62.286,4777.979,0,68.117,95.876,1.463,1.424,1.18,2337942,29527,53.459,0.675,25898,0.592,8.694,100163,58.8,43733759,77.39,41.4,16.462,11.133,7894.393,0.1,539.849,7.11,13.5,47.4,,8.8,72.06,0.751
Ukraine,10/3/2020,217661,8702,3712.857,4261,68,62,4976.956,198.977,84.897,97.43,1.555,1.418,1.18,,,,,24311,0.556,6.548,102347,58.8,43733759,77.39,41.4,16.462,11.133,7894.393,0.1,539.849,7.11,13.5,47.4,,8.8,72.06,0.751
Ukraine,10/4/2020,222232,4571,3818.286,4353,92,64.286,5081.475,104.519,87.308,99.534,2.104,1.47,1.17,2382259,,54.472,,24612,0.563,6.446,103762,58.8,43733759,77.39,41.4,16.462,11.133,7894.393,0.1,539.849,7.11,13.5,47.4,,8.8,72.06,0.751
Ukraine,10/5/2020,226462,4230,3975.429,4397,44,62.571,5178.197,96.722,90.901,100.54,1.006,1.431,1.17,2397905,15646,54.83,0.358,24485,0.56,6.159,104966,58.8,43733759,77.39,41.4,16.462,11.133,7894.393,0.1,539.849,7.11,13.5,47.4,,8.8,72.06,0.751
Ukraine,10/6/2020,230236,3774,4133,4430,33,62,5264.491,86.295,94.504,101.295,0.755,1.418,1.18,2423031,25126,55.404,0.575,24622,0.563,5.957,107210,58.8,43733759,77.39,41.4,16.462,11.133,7894.393,0.1,539.849,7.11,13.5,47.4,,8.8,72.06,0.751
Ukraine,10/7/2020,234584,4348,4236,4520,90,65,5363.911,99.42,96.859,103.353,2.058,1.486,1.19,2455407,32376,56.144,0.74,25308,0.579,5.975,109968,58.8,43733759,77.39,41.4,16.462,11.133,7894.393,0.1,539.849,7.11,13.5,47.4,,8.8,72.06,0.751
Ukraine,10/8/2020,239337,4753,4339.714,4597,77,66.857,5472.592,108.68,99.23,105.113,1.761,1.529,1.2,2489702,34295,56.929,0.784,25898,0.592,5.968,112365,58.8,43733759,77.39,41.4,16.462,11.133,7894.393,0.1,539.849,7.11,13.5,47.4,,8.8,72.06,0.751
Ukraine,10/9/2020,244734,5397,5110.714,4690,93,71,5595.997,123.406,116.86,107.24,2.127,1.623,1.19,2522360,32658,57.675,0.747,26345,0.602,5.155,114872,58.8,43733759,77.39,41.4,16.462,11.133,7894.393,0.1,539.849,7.11,13.5,47.4,,8.8,72.06,0.751
Ukraine,10/10/2020,244734,0,3867.571,4690,0,61.286,5595.997,0,88.434,107.24,0,1.401,1.18,2582768,60408,59.057,1.381,31810,0.727,8.225,116861,58.8,43733759,77.39,41.4,16.462,11.133,7894.393,0.1,539.849,7.11,13.5,47.4,,8.8,72.06,0.751
Ukraine,10/11/2020,256266,11532,4862,4887,197,76.286,5859.684,263.686,111.173,111.744,4.505,1.744,1.16,,,,,30063,0.687,6.183,117829,58.8,43733759,77.39,41.4,16.462,11.133,7894.393,0.1,539.849,7.11,13.5,47.4,,8.8,72.06,0.751
Ukraine,10/12/2020,261034,4768,4938.857,4972,85,82.143,5968.707,109.023,112.93,113.688,1.944,1.878,1.15,2602635,,59.511,,29247,0.669,5.922,118740,58.8,43733759,77.39,41.4,16.462,11.133,7894.393,0.1,539.849,7.11,13.5,47.4,,8.8,72.06,0.751
Ukraine,10/13/2020,265454,4420,5031.143,5015,43,83.571,6069.773,101.066,115.04,114.671,0.983,1.911,1.15,2630988,28353,60.159,0.648,29708,0.679,5.905,120999,58.8,43733759,77.39,41.4,16.462,11.133,7894.393,0.1,539.849,7.11,13.5,47.4,,8.8,72.06,0.751
Ukraine,10/14/2020,270587,5133,5143.286,5133,118,87.571,6187.143,117.369,117.604,117.369,2.698,2.002,1.15,2695488,64500,61.634,1.475,34297,0.784,6.668,123263,58.8,43733759,77.39,41.4,16.462,11.133,7894.393,0.1,539.849,7.11,13.5,47.4,,8.8,72.06,0.751
Ukraine,10/15/2020,276177,5590,5262.857,5229,96,90.286,6314.961,127.819,120.339,119.564,2.195,2.064,1.15,,,,,31827,0.728,6.047,124316,58.8,43733759,77.39,41.4,16.462,11.133,7894.393,0.1,539.849,7.11,13.5,47.4,,8.8,72.06,0.751
Ukraine,10/16/2020,281239,5062,5215,5302,73,87.429,6430.707,115.746,119.244,121.234,1.669,1.999,1.15,2729496,,62.412,,29591,0.677,5.674,126721,58.8,43733759,77.39,41.4,16.462,11.133,7894.393,0.1,539.849,7.11,13.5,47.4,,8.8,72.06,0.751
Ukraine,10/17/2020,287231,5992,6071,5408,106,102.571,6567.718,137.011,138.817,123.657,2.424,2.345,1.15,2765787,36291,63.241,0.83,26146,0.598,4.307,129033,58.8,43733759,77.39,41.4,16.462,11.133,7894.393,0.1,539.849,7.11,13.5,47.4,,8.8,72.06,0.751
Ukraine,10/18/2020,293641,6410,5339.286,5517,109,90,6714.287,146.569,122.086,126.15,2.492,2.058,1.14,,,,,28301,0.647,5.301,130338,58.8,43733759,77.39,41.4,16.462,11.133,7894.393,0.1,539.849,7.11,13.5,47.4,,8.8,72.06,0.751
Ukraine,10/19/2020,303638,9997,6086.286,5673,156,100.143,6942.874,228.588,139.167,129.717,3.567,2.29,1.14,2815833,,64.386,,30457,0.696,5.004,131473,58.8,43733759,77.39,41.4,16.462,11.133,7894.393,0.1,539.849,7.11,13.5,47.4,,8.8,72.06,0.751
Ukraine,10/20/2020,309107,5469,6236.143,5786,113,110.143,7067.927,125.052,142.593,132.301,2.584,2.518,1.15,2847376,31543,65.107,0.721,30913,0.707,4.957,134680,58.8,43733759,77.39,41.4,16.462,11.133,7894.393,0.1,539.849,7.11,13.5,47.4,,8.8,72.06,0.751
Ukraine,10/21/2020,309107,0,5502.857,5786,0,93.286,7067.927,0,125.826,132.301,0,2.133,1.16,2880105,32729,65.855,0.748,26374,0.603,4.793,137515,58.8,43733759,77.39,41.4,16.462,11.133,7894.393,0.1,539.849,7.11,13.5,47.4,,8.8,72.06,0.751
Ukraine,10/22/2020,315826,6719,5664.143,5927,141,99.714,7221.561,153.634,129.514,135.525,3.224,2.28,1.17,2914006,33901,66.631,0.775,28788,0.658,5.082,140322,58.8,43733759,77.39,41.4,16.462,11.133,7894.393,0.1,539.849,7.11,13.5,47.4,,8.8,72.06,0.751
Ukraine,10/23/2020,322879,7053,5948.571,6043,116,105.857,7382.832,161.271,136.018,138.177,2.652,2.42,1.17,2950463,36457,67.464,0.834,31567,0.722,5.307,143093,58.8,43733759,77.39,41.4,16.462,11.133,7894.393,0.1,539.849,7.11,13.5,47.4,,8.8,72.06,0.751
Ukraine,10/24/2020,330396,7517,6166.429,6164,121,108,7554.713,171.881,140.999,140.944,2.767,2.469,1.16,2991893,41430,68.412,0.947,32301,0.739,5.238,145418,58.8,43733759,77.39,41.4,16.462,11.133,7894.393,0.1,539.849,7.11,13.5,47.4,,8.8,72.06,0.751
Ukraine,10/25/2020,337410,7014,6252.714,6289,125,110.286,7715.093,160.38,142.972,143.802,2.858,2.522,1.15,3025148,33255,69.172,0.76,33477,0.765,5.354,147240,58.8,43733759,77.39,41.4,16.462,11.133,7894.393,0.1,539.849,7.11,13.5,47.4,,8.8,72.06,0.751
Ukraine,10/26/2020,343489,6079,5693,6391,102,102.571,7854.093,139,130.174,146.134,2.332,2.345,1.14,3053927,28779,69.83,0.658,34013,0.778,5.975,148300,58.8,43733759,77.39,41.4,16.462,11.133,7894.393,0.1,539.849,7.11,13.5,47.4,,8.8,72.06,0.751
Ukraine,10/27/2020,348924,5435,5688.143,6464,73,96.857,7978.367,124.275,130.063,147.803,1.669,2.215,1.15,3087288,33361,70.593,0.763,34273,0.784,6.025,151428,58.8,43733759,77.39,41.4,16.462,11.133,7894.393,0.1,539.849,7.11,13.5,47.4,,8.8,72.06,0.751
Ukraine,10/28/2020,355601,6677,6642,6590,126,114.857,8131.041,152.674,151.874,150.685,2.881,2.626,1.17,3129235,41947,71.552,0.959,35590,0.814,5.358,155028,58.8,43733759,77.39,41.4,16.462,11.133,7894.393,0.1,539.849,7.11,13.5,47.4,,8.8,72.06,0.751
Ukraine,10/29/2020,363075,7474,6749.857,6755,165,118.286,8301.939,170.898,154.34,154.457,3.773,2.705,1.18,3176397,47162,72.63,1.078,37484,0.857,5.553,158208,58.8,43733759,77.39,41.4,16.462,11.133,7894.393,0.1,539.849,7.11,13.5,47.4,,8.8,72.06,0.751
Ukraine,10/30/2020,370417,7342,6791.143,6868,113,117.857,8469.818,167.879,155.284,157.041,2.584,2.695,1.19,3225954,49557,73.763,1.133,39356,0.9,5.795,161719,58.8,43733759,77.39,41.4,16.462,11.133,7894.393,0.1,539.849,7.11,13.5,47.4,,8.8,72.06,0.751
Ukraine,10/31/2020,378729,8312,6904.714,7041,173,125.286,8659.878,190.059,157.881,160.997,3.956,2.865,1.19,,,,,39623,0.906,5.739,165902,58.8,43733759,77.39,41.4,16.462,11.133,7894.393,0.1,539.849,7.11,13.5,47.4,,8.8,72.06,0.751
Ukraine,11/1/2020,387481,8752,7153,7196,155,129.571,8859.998,200.12,163.558,164.541,3.544,2.963,1.19,3312549,,75.744,,41057,0.939,5.74,168495,58.8,43733759,77.39,41.4,16.462,11.133,7894.393,0.1,539.849,7.11,13.5,47.4,,8.8,72.06,0.751
Ukraine,11/2/2020,395440,7959,7421.571,7306,110,130.714,9041.985,181.988,169.699,167.056,2.515,2.989,1.19,3344211,31662,76.467,0.724,41469,0.948,5.588,170880,58.8,43733759,77.39,41.4,16.462,11.133,7894.393,0.1,539.849,7.11,13.5,47.4,,8.8,72.06,0.751
Ukraine,11/3/2020,402194,6754,7610,7375,69,130.143,9196.42,154.434,174.007,168.634,1.578,2.976,1.2,3379029,34818,77.264,0.796,41677,0.953,5.477,176220,58.8,43733759,77.39,41.4,16.462,11.133,7894.393,0.1,539.849,7.11,13.5,47.4,,8.8,72.06,0.751
Ukraine,11/4/2020,411093,8899,7927.429,7532,157,134.571,9399.901,203.481,181.266,172.224,3.59,3.077,1.21,3386489,7460,77.434,0.171,36751,0.84,4.636,184141,58.8,43733759,77.39,41.4,16.462,11.133,7894.393,0.1,539.849,7.11,13.5,47.4,,8.8,72.06,0.751
Ukraine,11/5/2020,420617,9524,8220.286,7731,199,139.429,9617.673,217.772,187.962,176.774,4.55,3.188,1.22,,,,,39634,0.906,4.821,192602,58.8,43733759,77.39,41.4,16.462,11.133,7894.393,0.1,539.849,7.11,13.5,47.4,,8.8,72.06,0.751
Ukraine,11/6/2020,430467,9850,8578.571,7924,193,150.857,9842.9,225.226,196.154,181.187,4.413,3.449,1.22,3521175,,80.514,,42174,0.964,4.916,203572,58.8,43733759,77.39,41.4,16.462,11.133,7894.393,0.1,539.849,7.11,13.5,47.4,,8.8,72.06,0.751
Ukraine,11/7/2020,440188,9721,8779.857,8125,201,154.857,10065.176,222.277,200.757,185.783,4.596,3.541,1.23,3572433,51258,81.686,1.172,43312,0.99,4.933,212549,58.8,43733759,77.39,41.4,16.462,11.133,7894.393,0.1,539.849,7.11,13.5,47.4,,8.8,72.06,0.751
Ukraine,11/8/2020,450934,10746,9064.714,8312,187,159.429,10310.89,245.714,207.27,190.059,4.276,3.645,,3613899,41466,82.634,0.948,43050,0.984,4.749,215357,58.8,43733759,77.39,41.4,16.462,11.133,7894.393,0.1,539.849,7.11,13.5,47.4,,8.8,72.06,0.751
Ukraine,11/9/2020,460331,9397,9270.143,8450,138,163.429,10525.759,214.868,211.968,193.215,3.155,3.737,,3648292,34393,83.42,0.786,43440,0.993,4.686,217716,58.8,43733759,77.39,41.4,16.462,11.133,7894.393,0.1,539.849,7.11,13.5,47.4,,8.8,72.06,0.751
Ukraine,11/10/2020,469018,8687,9546.286,8565,115,170,10724.393,198.634,218.282,195.844,2.63,3.887,,3691258,42966,84.403,0.982,44604,1.02,4.672,223530,58.8,43733759,77.39,41.4,16.462,11.133,7894.393,0.1,539.849,7.11,13.5,47.4,,8.8,72.06,0.751
Ukraine,11/11/2020,479197,10179,9729.143,8756,191,174.857,10957.142,232.749,222.463,200.211,4.367,3.998,,3735166,43908,85.407,1.004,49811,1.139,5.12,230767,58.8,43733759,77.39,41.4,16.462,11.133,7894.393,0.1,539.849,7.11,13.5,47.4,,8.8,72.06,0.751
Ukraine,11/12/2020,489808,10611,9884.429,8947,191,173.714,11199.769,242.627,226.014,204.579,4.367,3.972,,3782099,46933,86.48,1.073,46895,1.072,4.744,237399,58.8,43733759,77.39,41.4,16.462,11.133,7894.393,0.1,539.849,7.11,13.5,47.4,,8.8,72.06,0.751
Ukraine,11/13/2020,500865,11057,10056.857,9145,198,174.429,11452.594,252.825,229.956,209.106,4.527,3.988,,3828912,46813,87.55,1.07,43962,1.005,4.371,243901,61.57,43733759,77.39,41.4,16.462,11.133,7894.393,0.1,539.849,7.11,13.5,47.4,,8.8,72.06,0.751
Ukraine,11/14/2020,512652,11787,10352,9317,172,170.286,11722.112,269.517,236.705,213.039,3.933,3.894,,3912966,84054,89.472,1.922,48648,1.112,4.699,249127,61.57,43733759,77.39,41.4,16.462,11.133,7894.393,0.1,539.849,7.11,13.5,47.4,,8.8,72.06,0.751
Ukraine,11/15/2020,525176,12524,10606,9508,191,170.857,12008.481,286.369,242.513,217.406,4.367,3.907,,,,,,45888,1.049,4.327,251864,,43733759,77.39,41.4,16.462,11.133,7894.393,0.1,539.849,7.11,13.5,47.4,,8.8,72.06,0.751
Ukraine,11/16/2020,535857,10681,10789.429,9603,95,164.714,12252.708,244.228,246.707,219.579,2.172,3.766,,,,,,44140,1.009,4.091,254653,,43733759,77.39,41.4,16.462,11.133,7894.393,0.1,539.849,7.11,13.5,47.4,,8.8,72.06,0.751
Ukraine,11/17/2020,545689,9832,10953,9697,94,161.714,12477.523,224.815,250.447,221.728,2.149,3.698,,3979421,,90.992,,41166,0.941,3.758,261836,,43733759,77.39,41.4,16.462,11.133,7894.393,0.1,539.849,7.11,13.5,47.4,,8.8,72.06,0.751
Ukraine,11/18/2020,557657,11968,11208.571,9856,159,157.143,12751.179,273.656,256.291,225.364,3.636,3.593,,4022283,42862,91.972,0.98,41017,0.938,3.659,270269,,43733759,77.39,41.4,16.462,11.133,7894.393,0.1,539.849,7.11,13.5,47.4,,8.8,72.06,0.751
Ukraine,11/19/2020,570153,12496,11477.857,10112,256,166.429,13036.908,285.729,262.448,231.217,5.854,3.805,,,,,,,,,278190,,43733759,77.39,41.4,16.462,11.133,7894.393,0.1,539.849,7.11,13.5,47.4,,8.8,72.06,0.751
